"","Class","Order","Family","Species","Habitats_IUCN"
"1","Mammalia","Artiodactyla","Bovidae","Bison bonasus","Artificial/Terrestrial - Arable Land [Marginal]; Artificial/Terrestrial - Pastureland [Suitable]; Unknown [Unknown]; Shrubland - Boreal [Marginal]; Shrubland - Temperate [Marginal]; Forest - Boreal [Suitable]; Grassland - Tundra [Marginal]; Grassland - Temperate [Suitable]; Forest - Temperate [Suitable]"
"2","Mammalia","Artiodactyla","Bovidae","Capra ibex","Grassland - Temperate [Suitable]; Rocky areas (eg. inland cliffs, mountain peaks) [Suitable]"
"3","Mammalia","Artiodactyla","Bovidae","Capra pyrenaica","Shrubland - Mediterranean-type Shrubby Vegetation [Suitable]; Rocky areas (eg. inland cliffs, mountain peaks) [Suitable]; Forest - Temperate [Suitable]"
"4","Mammalia","Artiodactyla","Bovidae","Rupicapra pyrenaica","Shrubland - Temperate [Suitable]; Rocky areas (eg. inland cliffs, mountain peaks) [Suitable]; Forest - Temperate [Suitable]; Grassland - Temperate [Suitable]"
"5","Mammalia","Artiodactyla","Bovidae","Rupicapra rupicapra","Grassland - Temperate [Suitable]; Artificial/Terrestrial - Pastureland [Marginal]; Forest - Temperate [Suitable]; Rocky areas (eg. inland cliffs, mountain peaks) [Suitable]; Shrubland - Temperate [Suitable]"
"6","Mammalia","Artiodactyla","Cervidae","Alces alces","Artificial/Terrestrial - Pastureland [Marginal]; Forest - Boreal [Suitable]; Forest - Subarctic [Suitable]; Wetlands (inland) - Bogs, Marshes, Swamps, Fens, Peatlands [Suitable]; Forest - Temperate [Suitable]; Artificial/Terrestrial - Arable Land [Marginal]"
"7","Mammalia","Artiodactyla","Cervidae","Capreolus capreolus","Shrubland - Temperate [Suitable]; Artificial/Terrestrial - Rural Gardens [Suitable]; Forest - Boreal [Suitable]; Artificial/Terrestrial - Plantations [Suitable]; Grassland - Temperate [Suitable]; Artificial/Terrestrial - Arable Land [Suitable]; Artificial/Terrestrial - Pastureland [Suitable]; Shrubland - Boreal [Suitable]; Forest - Temperate [Suitable]"
"8","Mammalia","Artiodactyla","Cervidae","Cervus elaphus","Artificial/Terrestrial - Pastureland [Suitable]; Shrubland - Temperate [Suitable]; Forest - Boreal [Suitable]; Grassland - Temperate [Suitable]; Forest - Temperate [Suitable]"
"9","Mammalia","Artiodactyla","Cervidae","Dama dama","Shrubland - Mediterranean-type Shrubby Vegetation [Suitable]; Forest - Temperate [Suitable]; Artificial/Terrestrial - Subtropical/Tropical Heavily Degraded Former Forest [Suitable]; Shrubland - Temperate [Suitable]; Forest - Subtropical/Tropical Dry [Suitable]"
"10","Mammalia","Artiodactyla","Cervidae","Rangifer tarandus","Forest - Boreal [Suitable]; Forest - Subarctic [Suitable]; Grassland - Tundra [Suitable]; Shrubland - Subarctic [Suitable]"
"11","Mammalia","Artiodactyla","Suidae","Sus scrofa","Forest - Temperate [Suitable]; Forest - Boreal [Marginal]; Artificial/Terrestrial - Pastureland [Suitable]; Shrubland - Mediterranean-type Shrubby Vegetation [Suitable]; Artificial/Terrestrial - Plantations [Marginal]; Artificial/Terrestrial - Rural Gardens [Marginal]; Artificial/Terrestrial - Urban Areas [Marginal]; Artificial/Terrestrial - Arable Land [Suitable]; Shrubland - Temperate [Suitable]; Grassland - Temperate [Suitable]; Wetlands (inland) - Bogs, Marshes, Swamps, Fens, Peatlands [Suitable]"
"12","Mammalia","Carnivora","Canidae","Canis aureus","Artificial/Terrestrial - Plantations [Marginal]; Artificial/Terrestrial - Urban Areas [Marginal]; Artificial/Terrestrial - Arable Land [Suitable]; Artificial/Terrestrial - Pastureland [Suitable]; Shrubland - Temperate [Suitable]; Shrubland - Mediterranean-type Shrubby Vegetation [Suitable]; Grassland - Temperate [Suitable]; Wetlands (inland) - Bogs, Marshes, Swamps, Fens, Peatlands [Suitable]; Forest - Temperate [Suitable]"
"13","Mammalia","Carnivora","Canidae","Canis lupus","Forest - Boreal [Suitable]; Forest - Temperate [Suitable]; Desert - Temperate [Marginal]; Shrubland - Mediterranean-type Shrubby Vegetation [Suitable]; Forest - Subarctic [Suitable]; Desert - Cold [Marginal]; Artificial/Terrestrial - Arable Land [Suitable]; Artificial/Terrestrial - Rural Gardens [Marginal]; Wetlands (inland) - Bogs, Marshes, Swamps, Fens, Peatlands [Marginal]; Shrubland - Boreal [Suitable]; Shrubland - Temperate [Suitable]; Wetlands (inland) - Alpine Wetlands (includes temporary waters from snowmelt) [Marginal]; Grassland - Temperate [Suitable]; Shrubland - Subarctic [Suitable]; Artificial/Terrestrial - Pastureland [Suitable]; Artificial/Terrestrial - Plantations [Suitable]; Grassland - Subarctic [Suitable]; Grassland - Tundra [Suitable]"
"14","Mammalia","Carnivora","Canidae","Vulpes corsac","Desert - Temperate [Suitable]; Grassland - Temperate [Suitable]; Shrubland - Temperate [Suitable]"
"15","Mammalia","Carnivora","Canidae","Vulpes lagopus","Grassland - Tundra [Suitable]; Grassland - Subarctic [Suitable]"
"16","Mammalia","Carnivora","Canidae","Vulpes vulpes","Artificial/Terrestrial - Plantations [Suitable]; Artificial/Terrestrial - Urban Areas [Suitable]; Shrubland - Temperate [Suitable]; Forest - Temperate [Suitable]; Shrubland - Boreal [Suitable]; Artificial/Terrestrial - Rural Gardens [Suitable]; Artificial/Terrestrial - Arable Land [Suitable]; Forest - Boreal [Suitable]; Artificial/Terrestrial - Pastureland [Suitable]; Grassland - Temperate [Suitable]"
"17","Mammalia","Carnivora","Felidae","Felis silvestris","Artificial/Terrestrial - Pastureland [Marginal]; Rocky areas (eg. inland cliffs, mountain peaks) [Marginal]; Forest - Temperate [Suitable]; Shrubland - Mediterranean-type Shrubby Vegetation [Suitable]; Grassland - Temperate [Marginal]; Wetlands (inland) - Bogs, Marshes, Swamps, Fens, Peatlands [Unknown]; Shrubland - Temperate [Suitable]; Artificial/Terrestrial - Plantations [Marginal]; Forest - Subtropical/Tropical Dry [Suitable]; Artificial/Terrestrial - Arable Land [Marginal]; Wetlands (inland) - Shrub Dominated Wetlands [Suitable]"
"18","Mammalia","Carnivora","Felidae","Lynx lynx","Shrubland - Temperate [Suitable]; Forest - Boreal [Suitable]; Grassland - Temperate [Suitable]; Shrubland - Boreal [Suitable]; Forest - Temperate [Suitable]"
"19","Mammalia","Carnivora","Felidae","Lynx pardinus","Shrubland - Mediterranean-type Shrubby Vegetation [Suitable]; Other [Suitable]; Forest - Temperate [Suitable]"
"20","Mammalia","Carnivora","Herpestidae","Herpestes ichneumon","Shrubland - Mediterranean-type Shrubby Vegetation [Suitable]; Artificial/Terrestrial - Plantations [Suitable]; Wetlands (inland) - Bogs, Marshes, Swamps, Fens, Peatlands [Suitable]; Artificial/Terrestrial - Arable Land [Suitable]"
"21","Mammalia","Carnivora","Mustelidae","Gulo gulo","Wetlands (inland) - Tundra Wetlands (incl. pools and temporary waters from snowmelt) [Suitable]; Grassland - Tundra [Suitable]; Wetlands (inland) - Bogs, Marshes, Swamps, Fens, Peatlands [Suitable]; Forest - Boreal [Suitable]; Forest - Subarctic [Suitable]; Shrubland - Boreal [Suitable]; Rocky areas (eg. inland cliffs, mountain peaks) [Suitable]; Grassland - Subarctic [Suitable]; Shrubland - Subarctic [Suitable]"
"22","Mammalia","Carnivora","Mustelidae","Lutra lutra","Wetlands (inland) - Seasonal/Intermittent/Irregular Rivers/Streams/Creeks [Suitable]; Marine Coastal/Supratidal - Coastal Brackish/Saline Lagoons/Marine Lakes [Suitable]; Wetlands (inland) - Permanent Inland Deltas [Suitable]; Marine Intertidal - Rocky Shoreline [Suitable]; Marine Coastal/Supratidal - Coastal Freshwater Lakes [Suitable]; Wetlands (inland) - Permanent Rivers/Streams/Creeks (includes waterfalls) [Suitable]; Wetlands (inland) - Shrub Dominated Wetlands [Suitable]; Wetlands (inland) - Bogs, Marshes, Swamps, Fens, Peatlands [Suitable]; Wetlands (inland) - Seasonal/Intermittent Saline, Brackish or Alkaline Lakes and Flats [Suitable]; Wetlands (inland) - Seasonal/Intermittent Saline, Brackish or Alkaline Marshes/Pools [Suitable]; Marine Intertidal - Salt Marshes (Emergent Grasses) [Suitable]; Wetlands (inland) - Permanent Freshwater Lakes (over 8ha) [Suitable]; Wetlands (inland) - Seasonal/Intermittent Freshwater Lakes (over 8ha) [Suitable]; Marine Intertidal - Mud Flats and Salt Flats [Suitable]; Marine Intertidal - Tidepools [Suitable]; Wetlands (inland) - Alpine Wetlands (includes temporary waters from snowmelt) [Suitable]; Marine Neritic - Pelagic [Suitable]; Wetlands (inland) - Permanent Freshwater Marshes/Pools (under 8ha) [Suitable]; Marine Intertidal - Sandy Shoreline and/or Beaches, Sand Bars, Spits, Etc [Suitable]; Marine Intertidal - Shingle and/or Pebble Shoreline and/or Beaches [Suitable]; Wetlands (inland) - Seasonal/Intermittent Freshwater Marshes/Pools (under 8ha) [Suitable]; Wetlands (inland) - Freshwater Springs and Oases [Suitable]; Wetlands (inland) - Permanent Saline, Brackish or Alkaline Marshes/Pools [Suitable]; Wetlands (inland) - Permanent Saline, Brackish or Alkaline Lakes [Suitable]; Wetlands (inland) - Tundra Wetlands (incl. pools and temporary waters from snowmelt) [Suitable]"
"23","Mammalia","Carnivora","Mustelidae","Martes foina","Forest - Temperate [Suitable]; Artificial/Terrestrial - Urban Areas [Suitable]; Shrubland [Suitable]; Artificial/Terrestrial - Pastureland [Suitable]; Artificial/Terrestrial - Rural Gardens [Suitable]; Rocky areas (eg. inland cliffs, mountain peaks) [Suitable]"
"24","Mammalia","Carnivora","Mustelidae","Martes martes","Shrubland - Temperate [Suitable]; Shrubland - Boreal [Suitable]; Forest - Temperate [Suitable]; Forest - Boreal [Suitable]"
"25","Mammalia","Carnivora","Mustelidae","Martes zibellina","Forest - Temperate [Suitable]"
"26","Mammalia","Carnivora","Mustelidae","Meles meles","Shrubland - Boreal [Suitable]; Artificial/Terrestrial - Urban Areas [Suitable]; Forest - Boreal [Suitable]; Shrubland - Temperate [Suitable]; Artificial/Terrestrial - Pastureland [Suitable]; Artificial/Terrestrial - Rural Gardens [Suitable]; Forest - Temperate [Suitable]"
"27","Mammalia","Carnivora","Mustelidae","Mustela erminea","Shrubland - Subarctic [Suitable]; Grassland - Tundra [Suitable]; Grassland - Temperate [Suitable]; Artificial/Terrestrial - Pastureland [Suitable]; Forest - Boreal [Suitable]; Forest - Subarctic [Suitable]; Shrubland - Boreal [Suitable]; Shrubland - Temperate [Suitable]; Grassland - Subarctic [Suitable]; Forest - Temperate [Suitable]; Wetlands (inland) - Bogs, Marshes, Swamps, Fens, Peatlands [Suitable]; Artificial/Terrestrial - Plantations [Suitable]"
"28","Mammalia","Carnivora","Mustelidae","Mustela eversmanii","Shrubland - Temperate [Suitable]; Artificial/Terrestrial - Pastureland [Suitable]; Artificial/Terrestrial - Arable Land [Suitable]; Desert - Temperate [Suitable]"
"29","Mammalia","Carnivora","Mustelidae","Mustela lutreola","Wetlands (inland) - Seasonal/Intermittent Freshwater Lakes (over 8ha) [Marginal]; Wetlands (inland) - Seasonal/Intermittent/Irregular Rivers/Streams/Creeks [Marginal]; Wetlands (inland) - Shrub Dominated Wetlands [Suitable]; Wetlands (inland) - Permanent Rivers/Streams/Creeks (includes waterfalls) [Suitable]; Wetlands (inland) - Bogs, Marshes, Swamps, Fens, Peatlands [Marginal]; Wetlands (inland) - Permanent Inland Deltas [Suitable]; Artificial/Aquatic - Irrigated Land (includes irrigation channels) [Marginal]; Wetlands (inland) - Freshwater Springs and Oases [Marginal]; Wetlands (inland) - Seasonal/Intermittent Freshwater Marshes/Pools (under 8ha) [Marginal]; Wetlands (inland) - Permanent Freshwater Lakes (over 8ha) [Suitable]; Artificial/Aquatic - Ponds (below 8ha) [Marginal]; Wetlands (inland) - Seasonal/Intermittent Saline, Brackish or Alkaline Lakes and Flats [Marginal]; Wetlands (inland) - Permanent Saline, Brackish or Alkaline Marshes/Pools [Marginal]; Artificial/Aquatic - Canals and Drainage Channels, Ditches [Suitable]; Wetlands (inland) - Permanent Saline, Brackish or Alkaline Lakes [Marginal]; Artificial/Aquatic - Aquaculture Ponds [Marginal]; Artificial/Aquatic - Seasonally Flooded Agricultural Land [Marginal]; Forest - Subarctic [Suitable]; Forest - Boreal [Suitable]; Wetlands (inland) - Permanent Freshwater Marshes/Pools (under 8ha) [Suitable]; Shrubland - Boreal [Marginal]; Shrubland - Temperate [Marginal]; Forest - Temperate [Suitable]; Wetlands (inland) - Seasonal/Intermittent Saline, Brackish or Alkaline Marshes/Pools [Marginal]; Shrubland - Mediterranean-type Shrubby Vegetation [Suitable]"
"30","Mammalia","Carnivora","Mustelidae","Mustela nivalis","Marine Coastal/Supratidal - Coastal Sand Dunes [Suitable]; Forest - Boreal [Suitable]; Artificial/Terrestrial - Arable Land [Suitable]; Forest - Subarctic [Suitable]; Artificial/Terrestrial - Rural Gardens [Suitable]; Grassland - Subarctic [Suitable]; Forest - Temperate [Suitable]; Shrubland - Temperate [Suitable]; Shrubland - Boreal [Suitable]; Artificial/Terrestrial - Pastureland [Suitable]; Grassland - Temperate [Suitable]"
"31","Mammalia","Carnivora","Mustelidae","Mustela putorius","Forest - Temperate [Suitable]; Shrubland - Temperate [Suitable]; Artificial/Terrestrial - Rural Gardens [Suitable]; Wetlands (inland) - Bogs, Marshes, Swamps, Fens, Peatlands [Suitable]; Grassland - Temperate [Suitable]; Artificial/Terrestrial - Pastureland [Suitable]; Marine Coastal/Supratidal - Coastal Sand Dunes [Suitable]; Artificial/Terrestrial - Arable Land [Suitable]; Wetlands (inland) - Permanent Rivers/Streams/Creeks (includes waterfalls) [Suitable]"
"32","Mammalia","Carnivora","Mustelidae","Vormela peregusna","Grassland - Temperate [Suitable]; Desert - Temperate [Suitable]"
"33","Mammalia","Carnivora","Ursidae","Ursus arctos","Artificial/Marine - Mari/Brackishculture Ponds [Marginal]; Artificial/Marine - Marine Anthropogenic Structures [Marginal]; Artificial/Marine - Mariculture Cages [Marginal]; Artificial/Aquatic - Canals and Drainage Channels, Ditches [Marginal]; Artificial/Aquatic - Karst and Other Subterranean Hydrological Systems (human-made) [Marginal]; Grassland - Tundra [Suitable]; Introduced vegetation [Marginal]; Rocky areas (eg. inland cliffs, mountain peaks) [Marginal]; Wetlands (inland) - Tundra Wetlands (incl. pools and temporary waters from snowmelt) [Marginal]; Wetlands (inland) - Bogs, Marshes, Swamps, Fens, Peatlands [Suitable]; Shrubland - Boreal [Marginal]; Forest - Boreal [Suitable]; Marine Intertidal - Salt Marshes (Emergent Grasses) [Marginal]; Forest - Subarctic [Suitable]; Shrubland - Mediterranean-type Shrubby Vegetation [Suitable]; Artificial/Aquatic - Seasonally Flooded Agricultural Land [Marginal]; Caves and Subterranean Habitats (non-aquatic) - Caves [Marginal]; Artificial/Terrestrial - Pastureland [Marginal]; Artificial/Terrestrial - Arable Land [Marginal]; Artificial/Terrestrial - Plantations [Suitable]; Grassland - Temperate [Marginal]; Shrubland - Subarctic [Marginal]; Forest - Temperate [Suitable]; Shrubland - Temperate [Suitable]"
"34","Mammalia","Carnivora","Ursidae","Ursus maritimus","Marine Intertidal - Shingle and/or Pebble Shoreline and/or Beaches [Suitable]; Marine Oceanic [Suitable]; Marine Intertidal - Rocky Shoreline [Suitable]; Marine Intertidal - Sandy Shoreline and/or Beaches, Sand Bars, Spits, Etc [Suitable]; Grassland - Tundra [Marginal]"
"35","Mammalia","Carnivora","Viverridae","Genetta genetta","Shrubland - Temperate [Suitable]; Shrubland - Mediterranean-type Shrubby Vegetation [Suitable]; Forest - Temperate [Suitable]"
"36","Mammalia","Chiroptera","Miniopteridae","Miniopterus schreibersii","Shrubland - Subtropical/Tropical Dry [Suitable]; Forest - Subtropical/Tropical Moist Montane [Suitable]; Artificial/Terrestrial - Pastureland [Suitable]; Artificial/Terrestrial - Rural Gardens [Suitable]; Shrubland - Temperate [Suitable]; Shrubland - Mediterranean-type Shrubby Vegetation [Suitable]; Grassland - Temperate [Suitable]; Forest - Temperate [Suitable]; Forest - Subtropical/Tropical Moist Lowland [Suitable]; Caves and Subterranean Habitats (non-aquatic) - Caves [Suitable]; Caves and Subterranean Habitats (non-aquatic) - Other Subterranean Habitats [Suitable]; Forest - Subtropical/Tropical Dry [Suitable]"
"37","Mammalia","Chiroptera","Molossidae","Tadarida teniotis","Artificial/Terrestrial - Urban Areas [Suitable]; Rocky areas (eg. inland cliffs, mountain peaks) [Suitable]; Shrubland - Temperate [Suitable]; Shrubland - Mediterranean-type Shrubby Vegetation [Suitable]; Grassland - Temperate [Suitable]; Wetlands (inland) - Seasonal/Intermittent Freshwater Lakes (over 8ha) [Suitable]"
"38","Mammalia","Chiroptera","Rhinolophidae","Rhinolophus blasii","Caves and Subterranean Habitats (non-aquatic) - Other Subterranean Habitats [Suitable]; Shrubland - Mediterranean-type Shrubby Vegetation [Suitable]; Caves and Subterranean Habitats (non-aquatic) - Caves [Suitable]"
"39","Mammalia","Chiroptera","Rhinolophidae","Rhinolophus euryale","Caves and Subterranean Habitats (non-aquatic) - Caves [Suitable]; Caves and Subterranean Habitats (non-aquatic) - Other Subterranean Habitats [Suitable]; Shrubland - Temperate [Suitable]; Shrubland - Mediterranean-type Shrubby Vegetation [Suitable]; Forest - Temperate [Suitable]"
"40","Mammalia","Chiroptera","Rhinolophidae","Rhinolophus ferrumequinum","Artificial/Terrestrial - Urban Areas [Suitable]; Artificial/Terrestrial - Pastureland [Suitable]; Caves and Subterranean Habitats (non-aquatic) - Other Subterranean Habitats [Suitable]; Shrubland - Mediterranean-type Shrubby Vegetation [Suitable]; Forest - Temperate [Suitable]; Grassland - Temperate [Suitable]; Caves and Subterranean Habitats (non-aquatic) - Caves [Suitable]; Wetlands (inland) - Permanent Rivers/Streams/Creeks (includes waterfalls) [Suitable]"
"41","Mammalia","Chiroptera","Rhinolophidae","Rhinolophus hipposideros","Artificial/Terrestrial - Urban Areas [Suitable]; Caves and Subterranean Habitats (non-aquatic) - Caves [Suitable]; Grassland - Temperate [Suitable]; Shrubland - Temperate [Suitable]; Caves and Subterranean Habitats (non-aquatic) - Other Subterranean Habitats [Suitable]; Shrubland - Mediterranean-type Shrubby Vegetation [Suitable]; Forest - Temperate [Suitable]; Wetlands (inland) - Permanent Rivers/Streams/Creeks (includes waterfalls) [Suitable]"
"42","Mammalia","Chiroptera","Rhinolophidae","Rhinolophus mehelyi","Shrubland - Mediterranean-type Shrubby Vegetation [Suitable]; Caves and Subterranean Habitats (non-aquatic) - Caves [Suitable]; Forest - Temperate [Suitable]; Caves and Subterranean Habitats (non-aquatic) - Other Subterranean Habitats [Suitable]; Wetlands (inland) - Permanent Rivers/Streams/Creeks (includes waterfalls) [Suitable]"
"43","Mammalia","Chiroptera","Vespertilionidae","Barbastella barbastellus","Shrubland - Temperate [Suitable]; Grassland - Temperate [Suitable]; Wetlands (inland) - Permanent Rivers/Streams/Creeks (includes waterfalls) [Suitable]; Forest - Temperate [Suitable]; Caves and Subterranean Habitats (non-aquatic) - Caves [Suitable]; Caves and Subterranean Habitats (non-aquatic) - Other Subterranean Habitats [Suitable]"
"44","Mammalia","Chiroptera","Vespertilionidae","Eptesicus nilssonii","Artificial/Terrestrial - Urban Areas [Suitable]; Artificial/Terrestrial - Pastureland [Suitable]; Caves and Subterranean Habitats (non-aquatic) - Other Subterranean Habitats [Suitable]; Wetlands (inland) - Permanent Rivers/Streams/Creeks (includes waterfalls) [Suitable]; Wetlands (inland) - Bogs, Marshes, Swamps, Fens, Peatlands [Suitable]; Caves and Subterranean Habitats (non-aquatic) - Caves [Suitable]; Forest - Subarctic [Suitable]; Forest - Temperate [Suitable]; Wetlands (inland) - Seasonal/Intermittent Freshwater Lakes (over 8ha) [Suitable]; Forest - Boreal [Suitable]"
"45","Mammalia","Chiroptera","Vespertilionidae","Eptesicus serotinus","Artificial/Terrestrial - Arable Land [Suitable]; Wetlands (inland) - Bogs, Marshes, Swamps, Fens, Peatlands [Marginal]; Rocky areas (eg. inland cliffs, mountain peaks) [Suitable]; Artificial/Terrestrial - Pastureland [Suitable]; Caves and Subterranean Habitats (non-aquatic) - Caves [Suitable]; Wetlands (inland) - Seasonal/Intermittent Freshwater Lakes (over 8ha) [Suitable]; Forest - Temperate [Suitable]; Artificial/Terrestrial - Plantations [Suitable]; Shrubland - Temperate [Suitable]; Artificial/Aquatic - Irrigated Land (includes irrigation channels) [Suitable]; Shrubland - Mediterranean-type Shrubby Vegetation [Suitable]; Grassland - Temperate [Suitable]; Wetlands (inland) - Permanent Freshwater Lakes (over 8ha) [Suitable]; Artificial/Terrestrial - Rural Gardens [Suitable]; Wetlands (inland) - Permanent Freshwater Marshes/Pools (under 8ha) [Suitable]; Wetlands (inland) - Seasonal/Intermittent Freshwater Marshes/Pools (under 8ha) [Suitable]; Artificial/Terrestrial - Urban Areas [Suitable]; Wetlands (inland) - Seasonal/Intermittent/Irregular Rivers/Streams/Creeks [Suitable]; Wetlands (inland) - Alpine Wetlands (includes temporary waters from snowmelt) [Suitable]; Wetlands (inland) - Permanent Rivers/Streams/Creeks (includes waterfalls) [Suitable]; Wetlands (inland) - Permanent Inland Deltas [Suitable]; Artificial/Aquatic - Ponds (below 8ha) [Suitable]; Caves and Subterranean Habitats (non-aquatic) - Other Subterranean Habitats [Suitable]"
"46","Mammalia","Chiroptera","Vespertilionidae","Hypsugo savii","Artificial/Terrestrial - Rural Gardens [Suitable]; Forest - Temperate [Suitable]; Rocky areas (eg. inland cliffs, mountain peaks) [Suitable]; Wetlands (inland) - Permanent Rivers/Streams/Creeks (includes waterfalls) [Suitable]; Artificial/Terrestrial - Pastureland [Suitable]; Artificial/Terrestrial - Urban Areas [Suitable]; Wetlands (inland) - Permanent Freshwater Marshes/Pools (under 8ha) [Suitable]; Shrubland - Mediterranean-type Shrubby Vegetation [Suitable]; Wetlands (inland) - Permanent Freshwater Lakes (over 8ha) [Suitable]; Wetlands (inland) - Seasonal/Intermittent Freshwater Lakes (over 8ha) [Suitable]"
"47","Mammalia","Chiroptera","Vespertilionidae","Myotis alcathoe","Forest - Temperate [Suitable]; Wetlands (inland) - Permanent Rivers/Streams/Creeks (includes waterfalls) [Suitable]; Wetlands (inland) - Permanent Freshwater Marshes/Pools (under 8ha) [Suitable]; Caves and Subterranean Habitats (non-aquatic) - Caves [Suitable]"
"48","Mammalia","Chiroptera","Vespertilionidae","Myotis bechsteinii","Forest - Temperate [Suitable]; Caves and Subterranean Habitats (non-aquatic) - Caves [Suitable]; Caves and Subterranean Habitats (non-aquatic) - Other Subterranean Habitats [Suitable]"
"49","Mammalia","Chiroptera","Vespertilionidae","Myotis blythii","Shrubland - Mediterranean-type Shrubby Vegetation [Suitable]; Shrubland - Temperate [Suitable]; Caves and Subterranean Habitats (non-aquatic) - Caves [Suitable]; Artificial/Terrestrial - Plantations [Suitable]; Artificial/Terrestrial - Urban Areas [Suitable]; Artificial/Terrestrial - Pastureland [Suitable]; Grassland - Temperate [Suitable]; Artificial/Terrestrial - Arable Land [Suitable]; Caves and Subterranean Habitats (non-aquatic) - Other Subterranean Habitats [Suitable]"
"50","Mammalia","Chiroptera","Vespertilionidae","Myotis brandtii","Shrubland - Subantarctic [Suitable]; Grassland - Temperate [Marginal]; Artificial/Terrestrial - Rural Gardens [Suitable]; Artificial/Aquatic - Ponds (below 8ha) [Suitable]; Shrubland - Boreal [Suitable]; Shrubland - Temperate [Suitable]; Forest - Boreal [Suitable]; Wetlands (inland) - Alpine Wetlands (includes temporary waters from snowmelt) [Suitable]; Wetlands (inland) - Permanent Inland Deltas [Suitable]; Wetlands (inland) - Permanent Rivers/Streams/Creeks (includes waterfalls) [Suitable]; Wetlands (inland) - Seasonal/Intermittent Freshwater Marshes/Pools (under 8ha) [Suitable]; Wetlands (inland) - Permanent Freshwater Marshes/Pools (under 8ha) [Suitable]; Caves and Subterranean Habitats (non-aquatic) - Caves [Suitable]; Wetlands (inland) - Seasonal/Intermittent/Irregular Rivers/Streams/Creeks [Suitable]; Wetlands (inland) - Shrub Dominated Wetlands [Suitable]; Caves and Subterranean Habitats (non-aquatic) - Other Subterranean Habitats [Suitable]; Forest - Temperate [Suitable]; Wetlands (inland) - Bogs, Marshes, Swamps, Fens, Peatlands [Suitable]"
"51","Mammalia","Chiroptera","Vespertilionidae","Myotis capaccinii","Caves and Subterranean Habitats (non-aquatic) - Other Subterranean Habitats [Suitable]; Wetlands (inland) - Seasonal/Intermittent Freshwater Marshes/Pools (under 8ha) [Suitable]; Wetlands (inland) - Bogs, Marshes, Swamps, Fens, Peatlands [Suitable]; Caves and Subterranean Habitats (non-aquatic) - Caves [Suitable]; Wetlands (inland) - Permanent Freshwater Marshes/Pools (under 8ha) [Suitable]; Wetlands (inland) - Permanent Inland Deltas [Suitable]; Wetlands (inland) - Permanent Freshwater Lakes (over 8ha) [Suitable]; Wetlands (inland) - Seasonal/Intermittent/Irregular Rivers/Streams/Creeks [Suitable]; Wetlands (inland) - Seasonal/Intermittent Freshwater Lakes (over 8ha) [Suitable]; Wetlands (inland) - Permanent Rivers/Streams/Creeks (includes waterfalls) [Suitable]"
"52","Mammalia","Chiroptera","Vespertilionidae","Myotis dasycneme","Wetlands (inland) - Permanent Freshwater Lakes (over 8ha) [Suitable]; Artificial/Terrestrial - Urban Areas [Suitable]; Forest - Boreal [Suitable]; Wetlands (inland) - Permanent Rivers/Streams/Creeks (includes waterfalls) [Suitable]; Wetlands (inland) - Bogs, Marshes, Swamps, Fens, Peatlands [Suitable]; Caves and Subterranean Habitats (non-aquatic) - Other Subterranean Habitats [Suitable]; Wetlands (inland) - Seasonal/Intermittent Freshwater Lakes (over 8ha) [Suitable]; Wetlands (inland) - Permanent Freshwater Marshes/Pools (under 8ha) [Suitable]; Wetlands (inland) - Seasonal/Intermittent Freshwater Marshes/Pools (under 8ha) [Suitable]; Wetlands (inland) - Permanent Inland Deltas [Suitable]; Forest - Temperate [Suitable]; Caves and Subterranean Habitats (non-aquatic) - Caves [Suitable]"
"53","Mammalia","Chiroptera","Vespertilionidae","Myotis daubentonii","Forest - Boreal [Suitable]; Artificial/Terrestrial - Urban Areas [Marginal]; Wetlands (inland) - Seasonal/Intermittent Freshwater Marshes/Pools (under 8ha) [Suitable]; Wetlands (inland) - Permanent Freshwater Lakes (over 8ha) [Suitable]; Wetlands (inland) - Seasonal/Intermittent Freshwater Lakes (over 8ha) [Suitable]; Forest - Temperate [Suitable]; Wetlands (inland) - Permanent Rivers/Streams/Creeks (includes waterfalls) [Suitable]; Caves and Subterranean Habitats (non-aquatic) - Other Subterranean Habitats [Suitable]; Wetlands (inland) - Seasonal/Intermittent/Irregular Rivers/Streams/Creeks [Suitable]; Wetlands (inland) - Permanent Inland Deltas [Suitable]; Wetlands (inland) - Bogs, Marshes, Swamps, Fens, Peatlands [Suitable]; Wetlands (inland) - Permanent Freshwater Marshes/Pools (under 8ha) [Suitable]; Caves and Subterranean Habitats (non-aquatic) - Caves [Suitable]"
"54","Mammalia","Chiroptera","Vespertilionidae","Myotis davidii","Artificial/Terrestrial - Urban Areas [Suitable]; Shrubland - Mediterranean-type Shrubby Vegetation [Suitable]; Rocky areas (eg. inland cliffs, mountain peaks) [Suitable]; Caves and Subterranean Habitats (non-aquatic) - Caves [Suitable]; Caves and Subterranean Habitats (non-aquatic) - Other Subterranean Habitats [Suitable]; Desert - Temperate [Suitable]"
"55","Mammalia","Chiroptera","Vespertilionidae","Myotis emarginatus","Artificial/Terrestrial - Urban Areas [Suitable]; Shrubland - Temperate [Marginal]; Caves and Subterranean Habitats (non-aquatic) - Other Subterranean Habitats [Suitable]; Shrubland - Mediterranean-type Shrubby Vegetation [Marginal]; Caves and Subterranean Habitats (non-aquatic) - Caves [Suitable]; Artificial/Terrestrial - Rural Gardens [Marginal]; Artificial/Terrestrial - Arable Land [Suitable]; Wetlands (inland) - Seasonal/Intermittent/Irregular Rivers/Streams/Creeks [Suitable]; Wetlands (inland) - Permanent Freshwater Marshes/Pools (under 8ha) [Suitable]; Wetlands (inland) - Seasonal/Intermittent Freshwater Marshes/Pools (under 8ha) [Suitable]; Wetlands (inland) - Permanent Rivers/Streams/Creeks (includes waterfalls) [Suitable]; Forest - Temperate [Suitable]"
"56","Mammalia","Chiroptera","Vespertilionidae","Myotis myotis","Caves and Subterranean Habitats (non-aquatic) - Other Subterranean Habitats [Suitable]; Artificial/Terrestrial - Urban Areas [Suitable]; Forest - Temperate [Suitable]; Caves and Subterranean Habitats (non-aquatic) - Caves [Suitable]; Shrubland - Mediterranean-type Shrubby Vegetation [Suitable]; Artificial/Terrestrial - Pastureland [Suitable]; Grassland - Temperate [Suitable]; Artificial/Terrestrial - Plantations [Suitable]"
"57","Mammalia","Chiroptera","Vespertilionidae","Myotis mystacinus","Artificial/Terrestrial - Rural Gardens [Marginal]; Caves and Subterranean Habitats (non-aquatic) - Other Subterranean Habitats [Suitable]; Forest - Temperate [Suitable]; Forest - Boreal [Suitable]; Caves and Subterranean Habitats (non-aquatic) - Caves [Suitable]; Artificial/Terrestrial - Urban Areas [Suitable]; Shrubland - Temperate [Marginal]; Wetlands (inland) - Permanent Rivers/Streams/Creeks (includes waterfalls) [Suitable]; Wetlands (inland) - Seasonal/Intermittent/Irregular Rivers/Streams/Creeks [Suitable]; Wetlands (inland) - Bogs, Marshes, Swamps, Fens, Peatlands [Suitable]; Wetlands (inland) - Seasonal/Intermittent Freshwater Marshes/Pools (under 8ha) [Suitable]"
"58","Mammalia","Chiroptera","Vespertilionidae","Myotis nattereri","Forest - Boreal [Suitable]; Artificial/Terrestrial - Arable Land [Marginal]; Caves and Subterranean Habitats (non-aquatic) - Other Subterranean Habitats [Suitable]; Artificial/Terrestrial - Plantations [Marginal]; Artificial/Terrestrial - Urban Areas [Marginal]; Artificial/Terrestrial - Pastureland [Suitable]; Forest - Temperate [Suitable]; Wetlands (inland) - Seasonal/Intermittent/Irregular Rivers/Streams/Creeks [Suitable]; Artificial/Terrestrial - Rural Gardens [Suitable]; Shrubland - Boreal [Suitable]; Shrubland - Temperate [Suitable]; Shrubland - Mediterranean-type Shrubby Vegetation [Suitable]; Grassland - Temperate [Suitable]; Caves and Subterranean Habitats (non-aquatic) - Caves [Suitable]; Wetlands (inland) - Permanent Rivers/Streams/Creeks (includes waterfalls) [Suitable]"
"59","Mammalia","Chiroptera","Vespertilionidae","Nyctalus lasiopterus","Forest - Temperate [Suitable]; Wetlands (inland) - Permanent Rivers/Streams/Creeks (includes waterfalls) [Suitable]; Artificial/Terrestrial - Urban Areas [Suitable]; Grassland - Temperate [Suitable]; Wetlands (inland) - Permanent Freshwater Lakes (over 8ha) [Suitable]; Wetlands (inland) - Permanent Freshwater Marshes/Pools (under 8ha) [Suitable]"
"60","Mammalia","Chiroptera","Vespertilionidae","Nyctalus leisleri","Artificial/Terrestrial - Pastureland [Suitable]; Artificial/Terrestrial - Urban Areas [Suitable]; Wetlands (inland) - Permanent Rivers/Streams/Creeks (includes waterfalls) [Suitable]; Forest - Temperate [Suitable]; Caves and Subterranean Habitats (non-aquatic) - Caves [Suitable]"
"61","Mammalia","Chiroptera","Vespertilionidae","Nyctalus noctula","Artificial/Terrestrial - Pastureland [Suitable]; Artificial/Terrestrial - Urban Areas [Suitable]; Wetlands (inland) [Suitable]; Forest - Temperate [Suitable]; Caves and Subterranean Habitats (non-aquatic) - Caves [Suitable]; Caves and Subterranean Habitats (non-aquatic) - Other Subterranean Habitats [Suitable]"
"62","Mammalia","Chiroptera","Vespertilionidae","Pipistrellus kuhlii","Artificial/Terrestrial - Rural Gardens [Suitable]; Artificial/Terrestrial - Urban Areas [Suitable]; Artificial/Terrestrial - Arable Land [Suitable]; Wetlands (inland) - Permanent Rivers/Streams/Creeks (includes waterfalls) [Suitable]; Forest - Temperate [Suitable]"
"63","Mammalia","Chiroptera","Vespertilionidae","Pipistrellus nathusii","Forest - Temperate [Suitable]; Artificial/Terrestrial - Urban Areas [Suitable]; Wetlands (inland) - Permanent Rivers/Streams/Creeks (includes waterfalls) [Suitable]"
"64","Mammalia","Chiroptera","Vespertilionidae","Pipistrellus pipistrellus","Wetlands (inland) - Permanent Rivers/Streams/Creeks (includes waterfalls) [Suitable]; Artificial/Terrestrial - Arable Land [Suitable]; Artificial/Terrestrial - Pastureland [Suitable]; Artificial/Terrestrial - Rural Gardens [Suitable]; Artificial/Terrestrial - Urban Areas [Suitable]; Shrubland - Subtropical/Tropical Dry [Suitable]; Forest - Temperate [Suitable]; Shrubland - Mediterranean-type Shrubby Vegetation [Suitable]; Wetlands (inland) - Bogs, Marshes, Swamps, Fens, Peatlands [Suitable]; Caves and Subterranean Habitats (non-aquatic) - Caves [Suitable]; Wetlands (inland) - Permanent Freshwater Lakes (over 8ha) [Suitable]; Wetlands (inland) - Permanent Freshwater Marshes/Pools (under 8ha) [Suitable]; Wetlands (inland) - Freshwater Springs and Oases [Suitable]"
"65","Mammalia","Chiroptera","Vespertilionidae","Pipistrellus pygmaeus","Forest - Temperate [Suitable]; Artificial/Terrestrial - Urban Areas [Suitable]; Wetlands (inland) [Suitable]"
"66","Mammalia","Chiroptera","Vespertilionidae","Plecotus auritus","Artificial/Terrestrial - Plantations [Suitable]; Artificial/Terrestrial - Rural Gardens [Suitable]; Artificial/Terrestrial - Urban Areas [Suitable]; Forest - Boreal [Suitable]; Forest - Temperate [Suitable]; Caves and Subterranean Habitats (non-aquatic) - Caves [Suitable]; Caves and Subterranean Habitats (non-aquatic) - Other Subterranean Habitats [Suitable]"
"67","Mammalia","Chiroptera","Vespertilionidae","Plecotus austriacus","Artificial/Terrestrial - Urban Areas [Suitable]; Artificial/Terrestrial - Arable Land [Suitable]; Artificial/Terrestrial - Pastureland [Suitable]; Artificial/Terrestrial - Plantations [Suitable]; Artificial/Terrestrial - Rural Gardens [Suitable]; Shrubland - Temperate [Suitable]; Shrubland - Mediterranean-type Shrubby Vegetation [Suitable]; Grassland - Temperate [Suitable]; Forest - Temperate [Suitable]; Caves and Subterranean Habitats (non-aquatic) - Caves [Suitable]; Caves and Subterranean Habitats (non-aquatic) - Other Subterranean Habitats [Suitable]"
"68","Mammalia","Chiroptera","Vespertilionidae","Plecotus kolombatovici","Artificial/Terrestrial - Arable Land [Suitable]; Artificial/Terrestrial - Pastureland [Suitable]; Shrubland - Temperate [Suitable]; Shrubland - Mediterranean-type Shrubby Vegetation [Suitable]; Grassland - Temperate [Suitable]; Forest - Temperate [Suitable]; Caves and Subterranean Habitats (non-aquatic) - Caves [Suitable]; Caves and Subterranean Habitats (non-aquatic) - Other Subterranean Habitats [Suitable]"
"69","Mammalia","Chiroptera","Vespertilionidae","Plecotus macrobullaris","Artificial/Terrestrial - Pastureland [Suitable]; Forest - Boreal [Suitable]; Grassland - Temperate [Suitable]; Forest - Temperate [Suitable]; Rocky areas (eg. inland cliffs, mountain peaks) [Suitable]"
"70","Mammalia","Chiroptera","Vespertilionidae","Vespertilio murinus","Artificial/Terrestrial - Arable Land [Suitable]; Artificial/Terrestrial - Pastureland [Suitable]; Artificial/Terrestrial - Urban Areas [Suitable]; Caves and Subterranean Habitats (non-aquatic) - Other Subterranean Habitats [Suitable]; Forest - Boreal [Suitable]; Grassland - Temperate [Suitable]; Forest - Temperate [Suitable]; Rocky areas (eg. inland cliffs, mountain peaks) [Suitable]"
"71","Mammalia","Erinaceomorpha","Erinaceidae","Atelerix algirus","Artificial/Terrestrial - Arable Land [Suitable]; Artificial/Terrestrial - Pastureland [Suitable]; Artificial/Terrestrial - Rural Gardens [Suitable]; Shrubland - Mediterranean-type Shrubby Vegetation [Suitable]; Grassland - Temperate [Suitable]; Artificial/Terrestrial - Plantations [Suitable]"
"72","Mammalia","Erinaceomorpha","Erinaceidae","Erinaceus concolor","Artificial/Terrestrial - Arable Land [Suitable]; Artificial/Terrestrial - Pastureland [Suitable]; Artificial/Terrestrial - Rural Gardens [Suitable]; Artificial/Terrestrial - Urban Areas [Suitable]; Shrubland - Temperate [Suitable]; Shrubland - Subtropical/Tropical Dry [Suitable]; Forest - Temperate [Suitable]; Forest - Subtropical/Tropical Dry [Suitable]"
"73","Mammalia","Erinaceomorpha","Erinaceidae","Erinaceus europaeus","Artificial/Terrestrial - Arable Land [Suitable]; Artificial/Terrestrial - Pastureland [Suitable]; Artificial/Terrestrial - Plantations [Suitable]; Artificial/Terrestrial - Rural Gardens [Suitable]; Artificial/Terrestrial - Urban Areas [Suitable]; Grassland - Temperate [Suitable]; Forest - Temperate [Suitable]"
"74","Mammalia","Erinaceomorpha","Erinaceidae","Erinaceus roumanicus","Artificial/Terrestrial - Arable Land [Suitable]; Artificial/Terrestrial - Pastureland [Suitable]; Artificial/Terrestrial - Plantations [Suitable]; Artificial/Terrestrial - Rural Gardens [Suitable]; Shrubland - Mediterranean-type Shrubby Vegetation [Suitable]; Forest - Temperate [Suitable]; Artificial/Terrestrial - Urban Areas [Suitable]"
"75","Mammalia","Erinaceomorpha","Erinaceidae","Hemiechinus auritus","Shrubland - Temperate [Suitable]; Grassland - Temperate [Suitable]; Desert - Temperate [Suitable]; Artificial/Terrestrial - Pastureland [Suitable]; Artificial/Terrestrial - Urban Areas [Marginal]"
"76","Mammalia","Lagomorpha","Leporidae","Lepus capensis","Artificial/Terrestrial - Arable Land [Suitable]; Artificial/Terrestrial - Pastureland [Suitable]; Shrubland - Mediterranean-type Shrubby Vegetation [Suitable]; Grassland - Temperate [Suitable]"
"77","Mammalia","Lagomorpha","Leporidae","Lepus castroviejoi","Artificial/Terrestrial - Pastureland [Suitable]; Shrubland - Temperate [Suitable]; Forest - Temperate [Marginal]; Grassland - Temperate [Suitable]"
"78","Mammalia","Lagomorpha","Leporidae","Lepus corsicanus","Introduced vegetation [Unknown]; Shrubland - Temperate [Suitable]; Marine Coastal/Supratidal - Coastal Sand Dunes [Unknown]; Artificial/Terrestrial - Arable Land [Suitable]; Artificial/Terrestrial - Pastureland [Suitable]; Shrubland - Mediterranean-type Shrubby Vegetation [Suitable]; Grassland - Temperate [Suitable]; Artificial/Terrestrial - Plantations [Marginal]; Forest - Temperate [Suitable]; Artificial/Terrestrial - Rural Gardens [Marginal]"
"79","Mammalia","Lagomorpha","Leporidae","Lepus europaeus","Artificial/Terrestrial - Arable Land [Suitable]; Artificial/Terrestrial - Pastureland [Suitable]; Shrubland - Mediterranean-type Shrubby Vegetation [Marginal]; Forest - Boreal [Marginal]; Grassland - Temperate [Suitable]; Forest - Temperate [Marginal]"
"80","Mammalia","Lagomorpha","Leporidae","Lepus granatensis","Shrubland - Temperate [Suitable]; Artificial/Terrestrial - Arable Land [Suitable]; Forest - Temperate [Suitable]; Grassland - Temperate [Suitable]"
"81","Mammalia","Lagomorpha","Leporidae","Lepus timidus","Grassland - Temperate [Suitable]; Shrubland - Boreal [Suitable]; Grassland - Tundra [Suitable]; Shrubland - Temperate [Suitable]; Wetlands (inland) - Bogs, Marshes, Swamps, Fens, Peatlands [Suitable]; Grassland - Subarctic [Suitable]"
"82","Mammalia","Lagomorpha","Leporidae","Oryctolagus cuniculus","Grassland - Temperate [Suitable]; Artificial/Terrestrial - Plantations [Suitable]; Shrubland - Temperate [Suitable]; Forest - Temperate [Suitable]; Artificial/Terrestrial - Rural Gardens [Suitable]; Artificial/Terrestrial - Arable Land [Suitable]; Artificial/Terrestrial - Pastureland [Suitable]"
"83","Mammalia","Rodentia","Castoridae","Castor fiber","Artificial/Terrestrial - Pastureland [Marginal]; Artificial/Terrestrial - Urban Areas [Marginal]; Shrubland - Boreal [Marginal]; Shrubland - Temperate [Marginal]; Forest - Boreal [Suitable]; Wetlands (inland) - Permanent Rivers/Streams/Creeks (includes waterfalls) [Suitable]; Wetlands (inland) - Permanent Freshwater Lakes (over 8ha) [Suitable]; Wetlands (inland) - Seasonal/Intermittent Freshwater Lakes (over 8ha) [Suitable]; Wetlands (inland) - Permanent Freshwater Marshes/Pools (under 8ha) [Suitable]; Forest - Temperate [Suitable]"
"84","Mammalia","Rodentia","Cricetidae","Alexandromys oeconomus","Artificial/Terrestrial - Pastureland [Suitable]; Shrubland - Boreal [Suitable]; Forest - Boreal [Suitable]; Grassland - Tundra [Suitable]; Wetlands (inland) - Bogs, Marshes, Swamps, Fens, Peatlands [Suitable]; Wetlands (inland) - Tundra Wetlands (incl. pools and temporary waters from snowmelt) [Suitable]"
"85","Mammalia","Rodentia","Cricetidae","Arvicola amphibius","Artificial/Terrestrial - Pastureland [Suitable]; Forest - Boreal [Suitable]; Grassland - Temperate [Suitable]; Wetlands (inland) - Permanent Rivers/Streams/Creeks (includes waterfalls) [Suitable]; Wetlands (inland) - Bogs, Marshes, Swamps, Fens, Peatlands [Suitable]; Wetlands (inland) - Permanent Freshwater Lakes (over 8ha) [Suitable]; Wetlands (inland) - Permanent Freshwater Marshes/Pools (under 8ha) [Suitable]; Forest - Temperate [Suitable]"
"86","Mammalia","Rodentia","Cricetidae","Arvicola sapidus","Wetlands (inland) - Permanent Freshwater Marshes/Pools (under 8ha) [Suitable]; Wetlands (inland) - Permanent Freshwater Lakes (over 8ha) [Suitable]; Wetlands (inland) - Permanent Rivers/Streams/Creeks (includes waterfalls) [Suitable]"
"87","Mammalia","Rodentia","Cricetidae","Chionomys syriacus","Rocky areas (eg. inland cliffs, mountain peaks) [Suitable]"
"88","Mammalia","Rodentia","Cricetidae","Clethrionomys glareolus","Shrubland - Temperate [Suitable]; Forest - Temperate [Suitable]; Shrubland - Subarctic [Suitable]; Forest - Boreal [Suitable]; Shrubland - Boreal [Suitable]; Forest - Subarctic [Suitable]"
"89","Mammalia","Rodentia","Cricetidae","Clethrionomys rutilus","Forest - Boreal [Suitable]; Forest - Subarctic [Suitable]"
"90","Mammalia","Rodentia","Cricetidae","Craseomys rufocanus","Shrubland - Subarctic [Suitable]; Forest - Boreal [Suitable]; Forest - Subarctic [Suitable]; Shrubland - Boreal [Suitable]; Wetlands (inland) - Bogs, Marshes, Swamps, Fens, Peatlands [Suitable]"
"91","Mammalia","Rodentia","Cricetidae","Cricetus cricetus","Artificial/Terrestrial - Rural Gardens [Marginal]; Artificial/Terrestrial - Arable Land [Suitable]; Artificial/Terrestrial - Pastureland [Suitable]; Grassland - Temperate [Suitable]; Shrubland - Temperate [Suitable]"
"92","Mammalia","Rodentia","Cricetidae","Dinaromys bogdanovi","Rocky areas (eg. inland cliffs, mountain peaks) [Suitable]"
"93","Mammalia","Rodentia","Cricetidae","Lagurus lagurus","Artificial/Terrestrial - Arable Land [Suitable]; Grassland - Temperate [Suitable]; Artificial/Terrestrial - Pastureland [Suitable]"
"94","Mammalia","Rodentia","Cricetidae","Lemmus lemmus","Grassland - Subarctic [Suitable]; Wetlands (inland) - Bogs, Marshes, Swamps, Fens, Peatlands [Suitable]; Grassland - Tundra [Suitable]; Shrubland - Boreal [Suitable]; Shrubland - Subarctic [Suitable]"
"95","Mammalia","Rodentia","Cricetidae","Mesocricetus newtoni","Grassland - Temperate [Suitable]; Shrubland - Temperate [Suitable]; Artificial/Terrestrial - Rural Gardens [Suitable]; Artificial/Terrestrial - Pastureland [Suitable]; Artificial/Terrestrial - Arable Land [Suitable]"
"96","Mammalia","Rodentia","Cricetidae","Microtus agrestis","Shrubland - Boreal [Suitable]; Artificial/Terrestrial - Arable Land [Suitable]; Wetlands (inland) - Bogs, Marshes, Swamps, Fens, Peatlands [Suitable]; Artificial/Terrestrial - Pastureland [Suitable]; Artificial/Terrestrial - Plantations [Suitable]; Shrubland - Subarctic [Suitable]; Shrubland - Temperate [Suitable]; Forest - Boreal [Suitable]; Forest - Temperate [Suitable]; Grassland - Subarctic [Suitable]; Grassland - Temperate [Suitable]; Forest - Subarctic [Suitable]; Wetlands (inland) - Shrub Dominated Wetlands [Suitable]"
"97","Mammalia","Rodentia","Cricetidae","Microtus arvalis","Artificial/Terrestrial - Arable Land [Suitable]; Artificial/Terrestrial - Pastureland [Suitable]; Shrubland - Temperate [Suitable]; Grassland - Temperate [Suitable]; Forest - Temperate [Suitable]"
"98","Mammalia","Rodentia","Cricetidae","Microtus brachycercus","Artificial/Terrestrial - Plantations [Suitable]; Grassland - Temperate [Suitable]; Artificial/Terrestrial - Rural Gardens [Suitable]; Artificial/Terrestrial - Arable Land [Suitable]; Shrubland - Mediterranean-type Shrubby Vegetation [Suitable]; Artificial/Terrestrial - Pastureland [Suitable]; Artificial/Terrestrial - Urban Areas [Suitable]"
"99","Mammalia","Rodentia","Cricetidae","Microtus cabrerae","Grassland - Temperate [Suitable]; Artificial/Terrestrial - Pastureland [Suitable]; Forest - Temperate [Marginal]; Wetlands (inland) - Seasonal/Intermittent Freshwater Marshes/Pools (under 8ha) [Suitable]"
"100","Mammalia","Rodentia","Cricetidae","Microtus duodecimcostatus","Artificial/Terrestrial - Arable Land [Suitable]; Shrubland - Mediterranean-type Shrubby Vegetation [Suitable]; Artificial/Terrestrial - Pastureland [Suitable]; Artificial/Terrestrial - Plantations [Suitable]; Shrubland - Temperate [Suitable]"
"101","Mammalia","Rodentia","Cricetidae","Microtus gerbii","Grassland - Temperate [Suitable]; Rocky areas (eg. inland cliffs, mountain peaks) [Suitable]; Forest - Temperate [Suitable]; Artificial/Terrestrial - Pastureland [Suitable]; Artificial/Terrestrial - Arable Land [Suitable]"
"102","Mammalia","Rodentia","Cricetidae","Microtus guentheri","Artificial/Terrestrial - Pastureland [Suitable]; Shrubland - Mediterranean-type Shrubby Vegetation [Suitable]; Grassland - Temperate [Suitable]; Artificial/Terrestrial - Arable Land [Suitable]"
"103","Mammalia","Rodentia","Cricetidae","Microtus liechtensteini","Artificial/Terrestrial - Pastureland [Suitable]; Grassland - Temperate [Suitable]; Forest - Temperate [Suitable]"
"104","Mammalia","Rodentia","Cricetidae","Microtus lusitanicus","Artificial/Terrestrial - Pastureland [Suitable]; Artificial/Terrestrial - Plantations [Suitable]; Forest - Temperate [Suitable]; Artificial/Terrestrial - Arable Land [Suitable]"
"105","Mammalia","Rodentia","Cricetidae","Microtus multiplex","Forest - Temperate [Suitable]; Artificial/Terrestrial - Pastureland [Suitable]; Grassland - Temperate [Suitable]"
"106","Mammalia","Rodentia","Cricetidae","Microtus mystacinus","Artificial/Terrestrial - Arable Land [Suitable]; Shrubland - Temperate [Suitable]; Grassland - Temperate [Suitable]; Forest - Temperate [Suitable]"
"107","Mammalia","Rodentia","Cricetidae","Microtus savii","Artificial/Terrestrial - Arable Land [Suitable]; Artificial/Terrestrial - Pastureland [Suitable]; Artificial/Terrestrial - Plantations [Suitable]; Artificial/Terrestrial - Rural Gardens [Suitable]; Artificial/Terrestrial - Urban Areas [Suitable]; Shrubland - Temperate [Suitable]; Shrubland - Mediterranean-type Shrubby Vegetation [Suitable]; Forest - Temperate [Suitable]"
"108","Mammalia","Rodentia","Cricetidae","Microtus subterraneus","Forest - Temperate [Suitable]; Artificial/Terrestrial - Pastureland [Suitable]; Rocky areas (eg. inland cliffs, mountain peaks) [Suitable]; Grassland - Temperate [Suitable]"
"109","Mammalia","Rodentia","Cricetidae","Microtus tatricus","Forest - Temperate [Suitable]; Grassland - Temperate [Suitable]"
"110","Mammalia","Rodentia","Cricetidae","Microtus thomasi","Artificial/Terrestrial - Arable Land [Suitable]; Artificial/Terrestrial - Pastureland [Suitable]; Grassland - Temperate [Suitable]"
"111","Mammalia","Rodentia","Cricetidae","Myopus schisticolor","Forest - Boreal [Suitable]; Wetlands (inland) - Bogs, Marshes, Swamps, Fens, Peatlands [Suitable]"
"112","Mammalia","Rodentia","Cricetidae","Nothocricetulus migratorius","Artificial/Terrestrial - Arable Land [Suitable]; Artificial/Terrestrial - Pastureland [Suitable]; Artificial/Terrestrial - Rural Gardens [Suitable]; Grassland - Temperate [Suitable]; Desert - Temperate [Suitable]"
"113","Mammalia","Rodentia","Cricetidae","Stenocranius gregalis","Artificial/Terrestrial - Arable Land [Suitable]; Artificial/Terrestrial - Pastureland [Suitable]; Other [Suitable]; Grassland - Tundra [Suitable]; Grassland - Subarctic [Suitable]; Grassland - Temperate [Suitable]"
"114","Mammalia","Rodentia","Dipodidae","Sicista betulina","Forest - Boreal [Suitable]; Grassland - Tundra [Suitable]; Grassland - Temperate [Suitable]; Wetlands (inland) - Bogs, Marshes, Swamps, Fens, Peatlands [Suitable]; Forest - Temperate [Suitable]"
"115","Mammalia","Rodentia","Dipodidae","Sicista subtilis","Artificial/Terrestrial - Pastureland [Suitable]; Shrubland - Temperate [Suitable]; Grassland - Temperate [Suitable]"
"116","Mammalia","Rodentia","Gliridae","Dryomys nitedula","Artificial/Terrestrial - Urban Areas [Suitable]; Shrubland - Temperate [Suitable]; Forest - Boreal [Marginal]; Shrubland - Mediterranean-type Shrubby Vegetation [Suitable]; Forest - Temperate [Suitable]; Rocky areas (eg. inland cliffs, mountain peaks) [Suitable]; Forest - Subtropical/Tropical Dry [Suitable]; Forest - Subtropical/Tropical Moist Lowland [Suitable]"
"117","Mammalia","Rodentia","Gliridae","Eliomys quercinus","Artificial/Terrestrial - Plantations [Marginal]; Forest - Temperate [Suitable]; Rocky areas (eg. inland cliffs, mountain peaks) [Suitable]; Artificial/Terrestrial - Rural Gardens [Marginal]"
"118","Mammalia","Rodentia","Gliridae","Glis glis","Artificial/Terrestrial - Plantations [Suitable]; Artificial/Terrestrial - Rural Gardens [Suitable]; Shrubland - Temperate [Suitable]; Shrubland - Mediterranean-type Shrubby Vegetation [Suitable]; Forest - Temperate [Suitable]"
"119","Mammalia","Rodentia","Gliridae","Muscardinus avellanarius","Forest - Temperate [Suitable]"
"120","Mammalia","Rodentia","Gliridae","Myomimus roachi","Shrubland - Mediterranean-type Shrubby Vegetation [Suitable]; Artificial/Terrestrial - Plantations [Suitable]; Forest - Temperate [Suitable]"
"121","Mammalia","Rodentia","Hystricidae","Hystrix cristata","Artificial/Terrestrial - Arable Land [Suitable]; Artificial/Terrestrial - Pastureland [Suitable]; Savanna - Dry [Suitable]; Shrubland - Subtropical/Tropical Dry [Suitable]; Shrubland - Mediterranean-type Shrubby Vegetation [Suitable]; Grassland - Subtropical/Tropical Dry [Suitable]; Rocky areas (eg. inland cliffs, mountain peaks) [Suitable]; Forest - Subtropical/Tropical Dry [Suitable]"
"122","Mammalia","Rodentia","Muridae","Apodemus agrarius","Artificial/Terrestrial - Arable Land [Suitable]; Wetlands (inland) - Bogs, Marshes, Swamps, Fens, Peatlands [Suitable]; Grassland - Temperate [Suitable]; Artificial/Terrestrial - Pastureland [Marginal]; Forest - Temperate [Suitable]; Artificial/Terrestrial - Urban Areas [Marginal]; Artificial/Terrestrial - Rural Gardens [Suitable]"
"123","Mammalia","Rodentia","Muridae","Apodemus alpicola","Forest - Temperate [Suitable]"
"124","Mammalia","Rodentia","Muridae","Apodemus epimelas","Rocky areas (eg. inland cliffs, mountain peaks) [Suitable]"
"125","Mammalia","Rodentia","Muridae","Apodemus flavicollis","Forest - Temperate [Suitable]; Artificial/Terrestrial - Plantations [Suitable]; Artificial/Terrestrial - Rural Gardens [Suitable]; Wetlands (inland) - Shrub Dominated Wetlands [Suitable]; Shrubland - Temperate [Suitable]"
"126","Mammalia","Rodentia","Muridae","Apodemus mystacinus","Forest - Temperate [Suitable]; Rocky areas (eg. inland cliffs, mountain peaks) [Suitable]"
"127","Mammalia","Rodentia","Muridae","Apodemus sylvaticus","Artificial/Terrestrial - Rural Gardens [Suitable]; Artificial/Terrestrial - Plantations [Suitable]; Shrubland - Temperate [Suitable]; Forest - Temperate [Suitable]; Artificial/Terrestrial - Arable Land [Suitable]; Marine Coastal/Supratidal - Coastal Sand Dunes [Marginal]; Artificial/Terrestrial - Urban Areas [Suitable]; Shrubland - Mediterranean-type Shrubby Vegetation [Suitable]; Artificial/Terrestrial - Pastureland [Marginal]; Grassland - Temperate [Suitable]"
"128","Mammalia","Rodentia","Muridae","Apodemus uralensis","Grassland - Temperate [Suitable]; Forest - Temperate [Suitable]; Artificial/Terrestrial - Arable Land [Marginal]; Artificial/Terrestrial - Pastureland [Marginal]; Artificial/Terrestrial - Plantations [Suitable]; Artificial/Terrestrial - Rural Gardens [Suitable]; Wetlands (inland) - Shrub Dominated Wetlands [Suitable]; Shrubland - Temperate [Suitable]"
"129","Mammalia","Rodentia","Muridae","Micromys minutus","Artificial/Terrestrial - Arable Land [Suitable]; Artificial/Terrestrial - Rural Gardens [Suitable]; Forest - Temperate [Suitable]; Wetlands (inland) - Bogs, Marshes, Swamps, Fens, Peatlands [Suitable]; Artificial/Aquatic - Irrigated Land (includes irrigation channels) [Suitable]"
"130","Mammalia","Rodentia","Muridae","Mus macedonicus","Artificial/Terrestrial - Plantations [Suitable]; Shrubland - Mediterranean-type Shrubby Vegetation [Suitable]; Artificial/Terrestrial - Arable Land [Suitable]; Marine Coastal/Supratidal - Coastal Sand Dunes [Suitable]"
"131","Mammalia","Rodentia","Muridae","Mus musculus","Marine Coastal/Supratidal - Coastal Sand Dunes [Suitable]; Artificial/Terrestrial - Urban Areas [Suitable]; Grassland [Suitable]; Wetlands (inland) - Permanent Saline, Brackish or Alkaline Marshes/Pools [Suitable]; Artificial/Terrestrial - Pastureland [Suitable]; Shrubland - Temperate [Suitable]; Artificial/Terrestrial - Arable Land [Suitable]; Artificial/Terrestrial - Rural Gardens [Suitable]"
"132","Mammalia","Rodentia","Muridae","Mus spicilegus","Artificial/Terrestrial - Pastureland [Marginal]; Artificial/Terrestrial - Arable Land [Suitable]; Grassland - Temperate [Suitable]"
"133","Mammalia","Rodentia","Muridae","Mus spretus","Forest - Subtropical/Tropical Dry [Suitable]; Grassland - Temperate [Suitable]; Shrubland - Subtropical/Tropical Dry [Suitable]; Savanna - Dry [Suitable]; Artificial/Terrestrial - Pastureland [Suitable]; Shrubland - Mediterranean-type Shrubby Vegetation [Suitable]; Artificial/Terrestrial - Arable Land [Suitable]; Grassland - Subtropical/Tropical Dry [Suitable]; Forest - Temperate [Suitable]"
"134","Mammalia","Rodentia","Muridae","Rattus rattus","Artificial/Terrestrial - Pastureland [Suitable]; Shrubland - Mediterranean-type Shrubby Vegetation [Suitable]; Artificial/Terrestrial - Urban Areas [Suitable]; Artificial/Terrestrial - Rural Gardens [Suitable]; Artificial/Terrestrial - Arable Land [Suitable]"
"135","Mammalia","Rodentia","Sciuridae","Eutamias sibiricus","Shrubland - Boreal [Suitable]; Forest - Boreal [Suitable]; Forest - Temperate [Suitable]"
"136","Mammalia","Rodentia","Sciuridae","Marmota marmota","Artificial/Terrestrial - Pastureland [Suitable]; Grassland - Temperate [Suitable]; Rocky areas (eg. inland cliffs, mountain peaks) [Suitable]"
"137","Mammalia","Rodentia","Sciuridae","Pteromys volans","Forest - Boreal [Suitable]"
"138","Mammalia","Rodentia","Sciuridae","Sciurus anomalus","Forest - Temperate [Suitable]; Forest - Subtropical/Tropical Dry [Suitable]"
"139","Mammalia","Rodentia","Sciuridae","Sciurus vulgaris","Artificial/Terrestrial - Rural Gardens [Suitable]; Forest - Boreal [Suitable]; Forest - Temperate [Suitable]; Artificial/Terrestrial - Urban Areas [Suitable]; Artificial/Terrestrial - Plantations [Suitable]"
"140","Mammalia","Rodentia","Sciuridae","Spermophilus citellus","Artificial/Terrestrial - Rural Gardens [Marginal]; Artificial/Terrestrial - Pastureland [Suitable]; Grassland - Temperate [Suitable]"
"141","Mammalia","Rodentia","Sciuridae","Spermophilus suslicus","Grassland - Temperate [Suitable]; Artificial/Terrestrial - Pastureland [Suitable]; Artificial/Terrestrial - Urban Areas [Marginal]"
"142","Mammalia","Rodentia","Spalacidae","Nannospalax leucodon","Artificial/Terrestrial - Pastureland [Suitable]; Grassland - Temperate [Suitable]; Artificial/Terrestrial - Arable Land [Suitable]; Artificial/Terrestrial - Rural Gardens [Suitable]; Artificial/Terrestrial - Urban Areas [Suitable]"
"143","Mammalia","Rodentia","Spalacidae","Spalax graecus","Artificial/Terrestrial - Arable Land [Suitable]; Artificial/Terrestrial - Pastureland [Suitable]; Artificial/Terrestrial - Plantations [Suitable]; Grassland - Temperate [Suitable]; Artificial/Terrestrial - Rural Gardens [Suitable]"
"144","Mammalia","Rodentia","Spalacidae","Spalax zemni","Grassland - Temperate [Suitable]; Forest - Temperate [Suitable]; Artificial/Terrestrial - Arable Land [Suitable]"
"145","Mammalia","Soricomorpha","Soricidae","Crocidura leucodon","Artificial/Terrestrial - Arable Land [Suitable]; Artificial/Terrestrial - Pastureland [Suitable]; Artificial/Terrestrial - Plantations [Suitable]; Artificial/Terrestrial - Rural Gardens [Suitable]; Artificial/Terrestrial - Urban Areas [Suitable]; Shrubland - Temperate [Suitable]; Shrubland - Subtropical/Tropical Dry [Suitable]; Grassland - Temperate [Suitable]"
"146","Mammalia","Soricomorpha","Soricidae","Crocidura russula","Artificial/Terrestrial - Arable Land [Suitable]; Artificial/Terrestrial - Pastureland [Suitable]; Artificial/Terrestrial - Rural Gardens [Suitable]; Artificial/Terrestrial - Urban Areas [Suitable]; Shrubland - Mediterranean-type Shrubby Vegetation [Suitable]"
"147","Mammalia","Soricomorpha","Soricidae","Crocidura suaveolens","Marine Coastal/Supratidal - Coastal Sand Dunes [Suitable]; Artificial/Terrestrial - Arable Land [Suitable]; Artificial/Terrestrial - Pastureland [Suitable]; Artificial/Terrestrial - Plantations [Suitable]; Artificial/Terrestrial - Rural Gardens [Suitable]; Artificial/Terrestrial - Urban Areas [Suitable]; Shrubland - Mediterranean-type Shrubby Vegetation [Suitable]; Grassland - Temperate [Suitable]; Rocky areas (eg. inland cliffs, mountain peaks) [Suitable]; Forest - Temperate [Suitable]"
"148","Mammalia","Soricomorpha","Soricidae","Neomys anomalus","Artificial/Terrestrial - Arable Land [Unknown]; Artificial/Terrestrial - Pastureland [Unknown]; Wetlands (inland) - Permanent Rivers/Streams/Creeks (includes waterfalls) [Suitable]; Wetlands (inland) - Bogs, Marshes, Swamps, Fens, Peatlands [Suitable]; Wetlands (inland) - Permanent Freshwater Marshes/Pools (under 8ha) [Suitable]"
"149","Mammalia","Soricomorpha","Soricidae","Neomys fodiens","Artificial/Terrestrial - Pastureland [Marginal]; Marine Coastal/Supratidal - Coastal Brackish/Saline Lagoons/Marine Lakes [Suitable]; Marine Coastal/Supratidal - Coastal Freshwater Lakes [Suitable]; Grassland - Temperate [Marginal]; Wetlands (inland) - Permanent Rivers/Streams/Creeks (includes waterfalls) [Suitable]; Wetlands (inland) - Bogs, Marshes, Swamps, Fens, Peatlands [Suitable]; Wetlands (inland) - Permanent Freshwater Lakes (over 8ha) [Suitable]; Wetlands (inland) - Permanent Freshwater Marshes/Pools (under 8ha) [Suitable]; Wetlands (inland) - Alpine Wetlands (includes temporary waters from snowmelt) [Suitable]; Forest - Temperate [Suitable]; Marine Intertidal [Suitable]"
"150","Mammalia","Soricomorpha","Soricidae","Sorex alpinus","Artificial/Terrestrial - Pastureland [Suitable]; Grassland - Temperate [Suitable]; Forest - Temperate [Suitable]; Rocky areas (eg. inland cliffs, mountain peaks) [Suitable]"
"151","Mammalia","Soricomorpha","Soricidae","Sorex antinorii","Wetlands (inland) - Shrub Dominated Wetlands [Suitable]; Grassland - Temperate [Suitable]; Forest - Temperate [Suitable]"
"152","Mammalia","Soricomorpha","Soricidae","Sorex araneus","Marine Coastal/Supratidal - Coastal Sand Dunes [Marginal]; Artificial/Terrestrial - Arable Land [Marginal]; Artificial/Terrestrial - Pastureland [Marginal]; Shrubland - Temperate [Marginal]; Forest - Boreal [Suitable]; Wetlands (inland) - Bogs, Marshes, Swamps, Fens, Peatlands [Suitable]; Forest - Temperate [Suitable]"
"153","Mammalia","Soricomorpha","Soricidae","Sorex caecutiens","Shrubland - Subarctic [Suitable]; Shrubland - Boreal [Suitable]; Forest - Boreal [Suitable]; Forest - Subarctic [Suitable]; Wetlands (inland) - Permanent Rivers/Streams/Creeks (includes waterfalls) [Suitable]; Wetlands (inland) - Shrub Dominated Wetlands [Suitable]; Wetlands (inland) - Bogs, Marshes, Swamps, Fens, Peatlands [Suitable]; Forest - Temperate [Suitable]"
"154","Mammalia","Soricomorpha","Soricidae","Sorex coronatus","Shrubland - Temperate [Suitable]; Wetlands (inland) - Bogs, Marshes, Swamps, Fens, Peatlands [Suitable]; Forest - Temperate [Suitable]; Artificial/Terrestrial - Arable Land [Marginal]"
"155","Mammalia","Soricomorpha","Soricidae","Sorex granarius","Artificial/Terrestrial - Arable Land [Suitable]; Shrubland - Temperate [Suitable]; Forest - Temperate [Suitable]; Rocky areas (eg. inland cliffs, mountain peaks) [Suitable]; Artificial/Terrestrial - Plantations [Suitable]"
"156","Mammalia","Soricomorpha","Soricidae","Sorex isodon","Shrubland - Boreal [Marginal]; Forest - Boreal [Suitable]; Forest - Temperate [Suitable]; Wetlands (inland) - Permanent Rivers/Streams/Creeks (includes waterfalls) [Suitable]; Rocky areas (eg. inland cliffs, mountain peaks) [Suitable]"
"157","Mammalia","Soricomorpha","Soricidae","Sorex minutissimus","Forest - Boreal [Suitable]; Forest - Subarctic [Suitable]; Forest - Temperate [Suitable]; Shrubland - Boreal [Suitable]; Wetlands (inland) - Bogs, Marshes, Swamps, Fens, Peatlands [Suitable]; Rocky areas (eg. inland cliffs, mountain peaks) [Suitable]"
"158","Mammalia","Soricomorpha","Soricidae","Sorex minutus","Marine Coastal/Supratidal - Coastal Sand Dunes [Suitable]; Artificial/Terrestrial - Pastureland [Suitable]; Shrubland - Boreal [Suitable]; Shrubland - Temperate [Suitable]; Forest - Boreal [Suitable]; Grassland - Temperate [Suitable]; Wetlands (inland) - Bogs, Marshes, Swamps, Fens, Peatlands [Suitable]; Forest - Temperate [Suitable]"
"159","Mammalia","Soricomorpha","Soricidae","Sorex samniticus","Shrubland - Temperate [Suitable]; Forest - Temperate [Suitable]; Wetlands (inland) - Bogs, Marshes, Swamps, Fens, Peatlands [Suitable]"
"160","Mammalia","Soricomorpha","Soricidae","Suncus etruscus","Grassland - Subtropical/Tropical Dry [Suitable]; Artificial/Terrestrial - Arable Land [Marginal]; Artificial/Terrestrial - Pastureland [Suitable]; Artificial/Terrestrial - Plantations [Marginal]; Artificial/Terrestrial - Rural Gardens [Marginal]; Artificial/Terrestrial - Urban Areas [Unknown]; Shrubland - Subtropical/Tropical Dry [Suitable]; Shrubland - Subtropical/Tropical Moist [Suitable]; Forest - Subtropical/Tropical Moist Lowland [Suitable]; Shrubland - Mediterranean-type Shrubby Vegetation [Suitable]; Grassland - Temperate [Marginal]; Desert [Suitable]; Forest - Temperate [Marginal]; Forest - Subtropical/Tropical Dry [Suitable]"
"161","Mammalia","Soricomorpha","Talpidae","Galemys pyrenaicus","Wetlands (inland) - Permanent Rivers/Streams/Creeks (includes waterfalls) [Suitable]"
"162","Mammalia","Soricomorpha","Talpidae","Talpa caeca","Artificial/Terrestrial - Pastureland [Suitable]; Grassland - Temperate [Suitable]; Forest - Temperate [Suitable]"
"163","Mammalia","Soricomorpha","Talpidae","Talpa europaea","Artificial/Terrestrial - Arable Land [Suitable]; Artificial/Terrestrial - Pastureland [Suitable]; Artificial/Terrestrial - Rural Gardens [Suitable]; Shrubland - Temperate [Suitable]; Grassland - Temperate [Suitable]; Forest - Temperate [Suitable]; Artificial/Terrestrial - Urban Areas [Suitable]"
"164","Mammalia","Soricomorpha","Talpidae","Talpa occidentalis","Artificial/Terrestrial - Pastureland [Suitable]; Artificial/Terrestrial - Rural Gardens [Suitable]; Shrubland - Temperate [Suitable]; Grassland - Temperate [Suitable]; Forest - Temperate [Suitable]; Artificial/Terrestrial - Plantations [Suitable]; Artificial/Aquatic - Irrigated Land (includes irrigation channels) [Suitable]"
"165","Mammalia","Soricomorpha","Talpidae","Talpa romana","Artificial/Terrestrial - Arable Land [Marginal]; Artificial/Terrestrial - Pastureland [Suitable]; Forest - Temperate [Suitable]"
"166","Mammalia","Soricomorpha","Talpidae","Talpa stankovici","Marine Coastal/Supratidal - Coastal Sand Dunes [Suitable]; Artificial/Terrestrial - Arable Land [Suitable]; Artificial/Terrestrial - Pastureland [Suitable]"
